0	10.8735	10.8736
250	6.3741	6.3779
500	5.9858	5.9840
750	5.7656	5.7764
1000	5.6156	5.6105
1250	5.4930	5.5063
1500	5.4022	5.4007
1750	5.3150	5.3071
2000	5.2603	5.2488
2250	5.2037	5.1889
2500	5.1451	5.1465
2750	5.1018	5.1001
3000	5.0558	5.0680
3250	5.0145	5.0050
3500	4.9678	4.9801
3750	4.9384	4.9493
4000	4.9119	4.9071
4250	4.8796	4.8820
4500	4.8304	4.8466
4750	4.8210	4.8273
5000	4.7812	4.7947
5250	4.7705	4.7726
5500	4.7460	4.7403
5750	4.7383	4.7181
6000	4.7101	4.6995
6250	4.6805	4.6946
6500	4.6591	4.6609
6750	4.6518	4.6427
7000	4.6412	4.6398
7250	4.6237	4.6294
7500	4.6211	4.6233
7750	4.6094	4.6003
8000	4.5779	4.5943
8250	4.5734	4.5705
8500	4.5660	4.5726
8750	4.5661	4.5678
9000	4.5568	4.5525
9250	4.5450	4.5487
9500	4.5337	4.5283
9750	4.5246	4.5279
10000	4.5227	4.5217
10250	4.5029	4.4995
10500	4.5037	4.4882
10750	4.5056	4.4937
11000	4.4982	4.4942
11250	4.4910	4.4900
11500	4.4763	4.4813
11750	4.4670	4.4760
12000	4.4647	4.4683
12250	4.4565	4.4694
12500	4.4679	4.4526
12750	4.4588	4.4515
13000	4.4428	4.4462
13250	4.4458	4.4318
13500	4.4316	4.4458
13750	4.4403	4.4454
14000	4.4282	4.4299
14250	4.4261	4.4345
14500	4.4316	4.4240
14750	4.4133	4.4206
15000	4.4106	4.4281
15250	4.4128	4.4145
15500	4.4102	4.4218
15750	4.4127	4.4181
16000	4.4062	4.4004
16250	4.4019	4.3943
16500	4.4053	4.3956
16750	4.3903	4.3886
17000	4.3834	4.3763
17250	4.3830	4.3953
17500	4.3944	4.3839
17750	4.3848	4.3835
18000	4.3815	4.3679
18250	4.3740	4.3805
18500	4.3742	4.3824
18750	4.3788	4.3713
19000	4.3722	4.3641
19250	4.3666	4.3599
19500	4.3596	4.3646
19750	4.3590	4.3656
20000	4.3568	4.3560
20250	4.3561	4.3659
20500	4.3680	4.3570
20750	4.3555	4.3584
21000	4.3540	4.3583
21250	4.3429	4.3422
21500	4.3555	4.3534
21750	4.3462	4.3546
22000	4.3493	4.3453
22250	4.3466	4.3384
22500	4.3430	4.3565
22750	4.3467	4.3420
23000	4.3614	4.3322
23250	4.3392	4.3377
23500	4.3273	4.3420
23750	4.3393	4.3468
24000	4.3420	4.3397
24250	4.3391	4.3233
24500	4.3273	4.3281
24750	4.3190	4.3313
25000	4.3261	4.3188
25250	4.3324	4.3224
25500	4.3277	4.3145
25750	4.3295	4.3300
26000	4.3089	4.3292
26250	4.3221	4.3217
26500	4.3186	4.3260
26750	4.3148	4.3269
27000	4.3185	4.3086
27250	4.3190	4.3120
27500	4.3182	4.3242
27750	4.3240	4.3210
28000	4.3111	4.3213
28250	4.3090	4.3188
28500	4.3183	4.3169
28750	4.3155	4.3184
29000	4.3054	4.3163
29250	4.3141	4.3056
29500	4.2960	4.3030
29750	4.3182	4.3073
30000	4.3039	4.3090
30250	4.3181	4.3039
30500	4.2906	4.3078
30750	4.3064	4.3034
31000	4.2992	4.3105
31250	4.3144	4.3047
31500	4.3013	4.3060
31750	4.3033	4.3098
32000	4.2981	4.3034
32250	4.3053	4.3052
32500	4.3161	4.3036
32750	4.3044	4.3053
33000	4.2952	4.2927
33250	4.2956	4.2822
33500	4.3019	4.2961
33750	4.3009	4.2993
34000	4.3134	4.3078
34250	4.2907	4.2832
34500	4.2866	4.3058
34750	4.2892	4.2914
35000	4.2862	4.3003
35250	4.2889	4.2834
35500	4.2985	4.2887
35750	4.2875	4.2852
36000	4.2997	4.2857
36250	4.2906	4.2857
36500	4.2927	4.2897
36750	4.2822	4.2897
37000	4.2823	4.2911
37250	4.3022	4.3037
37500	4.2782	4.2794
37750	4.2867	4.2844
38000	4.2916	4.2791
38250	4.2834	4.2868
38500	4.2778	4.2835
38750	4.2880	4.2921
39000	4.2951	4.2879
39250	4.2826	4.2923
39500	4.2869	4.2810
39750	4.2699	4.2782
40000	4.2743	4.2775
40250	4.2893	4.2798
40500	4.2661	4.2751
40750	4.2674	4.2813
41000	4.2824	4.2872
41250	4.2724	4.2863
41500	4.2731	4.2815
41750	4.2778	4.2870
42000	4.2840	4.2943
42250	4.2619	4.2891
42500	4.2898	4.2689
42750	4.2831	4.2752
43000	4.2695	4.2790
43250	4.2751	4.2719
43500	4.2607	4.2855
43750	4.2801	4.2858
44000	4.2692	4.2592
44250	4.2811	4.2791
44500	4.2726	4.2753
44750	4.2715	4.2903
45000	4.2861	4.2696
45250	4.2833	4.2720
45500	4.2843	4.2732
45750	4.2748	4.2751
46000	4.2692	4.2761
46250	4.2699	4.2749
46500	4.2720	4.2725
46750	4.2572	4.2726
47000	4.2679	4.2578
47250	4.2701	4.2755
47500	4.2705	4.2690
47750	4.2678	4.2601
48000	4.2657	4.2748
48250	4.2718	4.2666
48500	4.2640	4.2641
48750	4.2788	4.2664
49000	4.2598	4.2685
49250	4.2764	4.2628
49500	4.2726	4.2634
49750	4.2739	4.2582
50000	4.2704	4.2549
50250	4.2713	4.2556
50500	4.2660	4.2707
50750	4.2557	4.2607
51000	4.2544	4.2661
51250	4.2626	4.2700
51500	4.2620	4.2660
51750	4.2747	4.2706
52000	4.2589	4.2605
52250	4.2718	4.2520
52500	4.2620	4.2594
52750	4.2557	4.2563
53000	4.2701	4.2661
53250	4.2671	4.2668
53500	4.2572	4.2618
53750	4.2639	4.2577
54000	4.2460	4.2494
54250	4.2569	4.2641
54500	4.2452	4.2697
54750	4.2590	4.2501
55000	4.2633	4.2472
55250	4.2684	4.2598
55500	4.2545	4.2552
55750	4.2671	4.2619
56000	4.2486	4.2545
56250	4.2780	4.2742
56500	4.2563	4.2486
56750	4.2542	4.2537
57000	4.2502	4.2563
57250	4.2531	4.2686
57500	4.2517	4.2509
57750	4.2599	4.2575
58000	4.2634	4.2639
58250	4.2593	4.2487
58500	4.2418	4.2607
58750	4.2481	4.2470
59000	4.2497	4.2465
59250	4.2426	4.2470
59500	4.2572	4.2518
59750	4.2446	4.2524
60000	4.2465	4.2409
60250	4.2427	4.2595
60500	4.2615	4.2424
60750	4.2534	4.2478
61000	4.2526	4.2475
61250	4.2549	4.2649
61500	4.2557	4.2550
61750	4.2480	4.2580
62000	4.2587	4.2416
62250	4.2474	4.2442
62500	4.2458	4.2454
62750	4.2449	4.2482
63000	4.2450	4.2451
63250	4.2393	4.2492
63500	4.2449	4.2467
63750	4.2548	4.2538
64000	4.2341	4.2420
64250	4.2437	4.2490
64500	4.2402	4.2523
64750	4.2485	4.2376
65000	4.2453	4.2582
65250	4.2448	4.2407
65500	4.2339	4.2471
65750	4.2493	4.2490
66000	4.2383	4.2497
66250	4.2541	4.2401
66500	4.2428	4.2388
66750	4.2496	4.2358
67000	4.2495	4.2536
67250	4.2427	4.2409
67500	4.2445	4.2388
67750	4.2441	4.2365
68000	4.2516	4.2484
68250	4.2479	4.2470
68500	4.2436	4.2417
68750	4.2419	4.2452
69000	4.2425	4.2445
69250	4.2506	4.2446
69500	4.2600	4.2494
69750	4.2412	4.2442
70000	4.2397	4.2395
70250	4.2515	4.2545
70500	4.2408	4.2277
70750	4.2451	4.2327
71000	4.2355	4.2448
71250	4.2498	4.2493
71500	4.2351	4.2362
71750	4.2544	4.2369
72000	4.2324	4.2447
72250	4.2356	4.2369
72500	4.2361	4.2349
72750	4.2335	4.2273
73000	4.2427	4.2468
73250	4.2335	4.2322
73500	4.2405	4.2393
73750	4.2401	4.2441
74000	4.2326	4.2335
74250	4.2366	4.2270
74500	4.2322	4.2317
74750	4.2304	4.2298
75000	4.2448	4.2255
75250	4.2354	4.2317
75500	4.2361	4.2396
75750	4.2431	4.2379
76000	4.2276	4.2347
76250	4.2393	4.2338
76500	4.2338	4.2337
76750	4.2296	4.2260
77000	4.2413	4.2345
77250	4.2342	4.2360
77500	4.2419	4.2356
77750	4.2469	4.2284
78000	4.2426	4.2144
78250	4.2231	4.2278
78500	4.2412	4.2385
78750	4.2326	4.2282
79000	4.2326	4.2331
79250	4.2382	4.2346
79500	4.2348	4.2384
79750	4.2306	4.2306
80000	4.2444	4.2453
80250	4.2253	4.2344
80500	4.2182	4.2381
80750	4.2275	4.2278
81000	4.2207	4.2238
81250	4.2369	4.2227
81500	4.2225	4.2332
81750	4.2174	4.2308
82000	4.2260	4.2151
82250	4.2330	4.2343
82500	4.2337	4.2253
82750	4.2216	4.2251
83000	4.2312	4.2250
83250	4.2267	4.2228
83500	4.2219	4.2250
83750	4.2360	4.2274
84000	4.2236	4.2232
84250	4.2354	4.2286
84500	4.2237	4.2175
84750	4.2262	4.2270
85000	4.2280	4.2243
85250	4.2154	4.2325
85500	4.2315	4.2341
85750	4.2353	4.2279
86000	4.2266	4.2315
86250	4.2274	4.2318
86500	4.2293	4.2445
86750	4.2255	4.2405
87000	4.2291	4.2258
87250	4.2237	4.2192
87500	4.2277	4.2254
87750	4.2133	4.2202
88000	4.2330	4.2215
88250	4.2270	4.2264
88500	4.2410	4.2281
88750	4.2281	4.2262
89000	4.2265	4.2244
89250	4.2266	4.2265
89500	4.2208	4.2214
89750	4.2171	4.2249
90000	4.2118	4.2222
90250	4.2195	4.2030
90500	4.2219	4.2193
90750	4.2277	4.2155
91000	4.2182	4.2183
91250	4.2211	4.2226
91500	4.2255	4.2109
91750	4.2259	4.2267
92000	4.2301	4.2184
92250	4.2196	4.2217
92500	4.2246	4.2168
92750	4.2205	4.2298
93000	4.2211	4.2255
93250	4.2336	4.2221
93500	4.2371	4.2225
93750	4.2220	4.2156
94000	4.2298	4.2309
94250	4.2206	4.2190
94500	4.2361	4.2260
94750	4.2141	4.2348
95000	4.2177	4.2261
95250	4.2141	4.2168
95500	4.2369	4.2195
95750	4.2289	4.2138
96000	4.2217	4.2115
96250	4.2313	4.2134
96500	4.2217	4.2156
96750	4.2278	4.2138
97000	4.2188	4.2280
97250	4.2251	4.2075
97500	4.2172	4.2224
97750	4.2229	4.2337
98000	4.2162	4.2270
98250	4.2161	4.2305
98500	4.2303	4.2171
98750	4.2304	4.2223
99000	4.2142	4.2206
99250	4.2051	4.2242
99500	4.2191	4.2234
99750	4.2260	4.2256
